<root>
  <Files>
    <File value="asteroid01_0000">
      <Rect value="x=314;y=144;width=57;height=42" />
      <Offset value="x=31;y=26" />
    </File>
    <File value="asteroid01_0001">
      <Rect value="x=330;y=0;width=57;height=45" />
      <Offset value="x=32;y=28" />
    </File>
    <File value="asteroid01_0002">
      <Rect value="x=215;y=97;width=56;height=48" />
      <Offset value="x=32;y=29" />
    </File>
    <File value="asteroid01_0003">
      <Rect value="x=54;y=0;width=55;height=52" />
      <Offset value="x=32;y=30" />
    </File>
    <File value="asteroid01_0004">
      <Rect value="x=0;y=112;width=53;height=54" />
      <Offset value="x=31;y=31" />
    </File>
    <File value="asteroid01_0005">
      <Rect value="x=0;y=166;width=51;height=56" />
      <Offset value="x=30;y=31" />
    </File>
    <File value="asteroid01_0006">
      <Rect value="x=109;y=53;width=48;height=57" />
      <Offset value="x=28;y=32" />
    </File>
    <File value="asteroid01_0007">
      <Rect value="x=402;y=45;width=44;height=57" />
      <Offset value="x=25;y=32" />
    </File>
    <File value="asteroid01_0008">
      <Rect value="x=272;y=106;width=41;height=59" />
      <Offset value="x=23;y=33" />
    </File>
    <File value="asteroid01_0009">
      <Rect value="x=449;y=142;width=39;height=58" />
      <Offset value="x=21;y=33" />
    </File>
    <File value="asteroid01_0010">
      <Rect value="x=272;y=165;width=41;height=58" />
      <Offset value="x=23;y=33" />
    </File>
    <File value="asteroid01_0011">
      <Rect value="x=358;y=45;width=44;height=57" />
      <Offset value="x=25;y=33" />
    </File>
    <File value="asteroid01_0012">
      <Rect value="x=109;y=164;width=49;height=54" />
      <Offset value="x=27;y=31" />
    </File>
    <File value="asteroid01_0013">
      <Rect value="x=109;y=0;width=52;height=53" />
      <Offset value="x=28;y=31" />
    </File>
    <File value="asteroid01_0014">
      <Rect value="x=161;y=0;width=54;height=51" />
      <Offset value="x=29;y=30" />
    </File>
    <File value="asteroid01_0015">
      <Rect value="x=215;y=48;width=55;height=49" />
      <Offset value="x=29;y=30" />
    </File>
    <File value="asteroid01_0016">
      <Rect value="x=215;y=192;width=56;height=46" />
      <Offset value="x=30;y=29" />
    </File>
    <File value="asteroid01_0017">
      <Rect value="x=445;y=0;width=57;height=44" />
      <Offset value="x=31;y=28" />
    </File>
    <File value="asteroid01_0018">
      <Rect value="x=314;y=186;width=57;height=41" />
      <Offset value="x=31;y=27" />
    </File>
    <File value="asteroid01_0019">
      <Rect value="x=429;y=102;width=58;height=39" />
      <Offset value="x=32;y=26" />
    </File>
    <File value="asteroid01_0020">
      <Rect value="x=446;y=45;width=58;height=42" />
      <Offset value="x=32;y=26" />
    </File>
    <File value="asteroid01_0021">
      <Rect value="x=387;y=0;width=58;height=44" />
      <Offset value="x=31;y=26" />
    </File>
    <File value="asteroid01_0022">
      <Rect value="x=215;y=0;width=57;height=48" />
      <Offset value="x=30;y=28" />
    </File>
    <File value="asteroid01_0023">
      <Rect value="x=161;y=51;width=53;height=51" />
      <Offset value="x=28;y=30" />
    </File>
    <File value="asteroid01_0024">
      <Rect value="x=54;y=161;width=53;height=52" />
      <Offset value="x=28;y=31" />
    </File>
    <File value="asteroid01_0025">
      <Rect value="x=109;y=110;width=50;height=54" />
      <Offset value="x=27;y=32" />
    </File>
    <File value="asteroid01_0026">
      <Rect value="x=161;y=102;width=47;height=56" />
      <Offset value="x=26;y=33" />
    </File>
    <File value="asteroid01_0027">
      <Rect value="x=314;y=45;width=44;height=57" />
      <Offset value="x=25;y=33" />
    </File>
    <File value="asteroid01_0028">
      <Rect value="x=410;y=142;width=39;height=58" />
      <Offset value="x=23;y=33" />
    </File>
    <File value="asteroid01_0029">
      <Rect value="x=371;y=142;width=39;height=59" />
      <Offset value="x=23;y=34" />
    </File>
    <File value="asteroid01_0030">
      <Rect value="x=272;y=45;width=42;height=61" />
      <Offset value="x=23;y=36" />
    </File>
    <File value="asteroid01_0031">
      <Rect value="x=161;y=158;width=43;height=60" />
      <Offset value="x=23;y=36" />
    </File>
    <File value="asteroid01_0032">
      <Rect value="x=54;y=103;width=48;height=58" />
      <Offset value="x=26;y=36" />
    </File>
    <File value="asteroid01_0033">
      <Rect value="x=0;y=55;width=51;height=57" />
      <Offset value="x=28;y=36" />
    </File>
    <File value="asteroid01_0034">
      <Rect value="x=0;y=0;width=54;height=55" />
      <Offset value="x=30;y=35" />
    </File>
    <File value="asteroid01_0035">
      <Rect value="x=54;y=52;width=55;height=51" />
      <Offset value="x=31;y=33" />
    </File>
    <File value="asteroid01_0036">
      <Rect value="x=215;y=145;width=57;height=47" />
      <Offset value="x=32;y=31" />
    </File>
    <File value="asteroid01_0037">
      <Rect value="x=272;y=0;width=58;height=45" />
      <Offset value="x=32;y=29" />
    </File>
    <File value="asteroid01_0038">
      <Rect value="x=314;y=102;width=57;height=42" />
      <Offset value="x=31;y=26" />
    </File>
    <File value="asteroid01_0039">
      <Rect value="x=371;y=102;width=58;height=40" />
      <Offset value="x=31;y=24" />
    </File>
  </Files>
  <Animations>
    <asteroid01 value="0 0-39" />
  </Animations>
</root>