<?xml version="1.0" encoding="UTF-8"?>
<colors>
<color name="aliceblue" hex="#f0f8ff" rgb="240,248,255" />
<color name="antiquewhite" hex="#faebd7" rgb="250,235,215" />
<color name="aqua" hex="#00ffff" rgb="0,255,255" />
<color name="aquamarine" hex="#7fffd4" rgb="127,255,212" />
<color name="azure" hex="#f0ffff" rgb="240,255,255" />
<color name="beige" hex="#f5f5dc" rgb="245,245,220" />
<color name="bisque" hex="#ffe4c4" rgb="255,228,196" />
<color name="black" hex="#000000" rgb="0,0,0" />
<color name="blanchedalmond" hex="#ffebcd" rgb="255,235,205" />
<color name="blue" hex="#0000ff" rgb="0,0,255" />
<color name="blueviolet" hex="#8a2be2" rgb="138,43,226" />
<color name="brown" hex="#a52a2a" rgb="165,42,42" />
<color name="burlywood" hex="#deb887" rgb="222,184,135" />
<color name="cadetblue" hex="#5f9ea0" rgb="95,158,160" />
<color name="chartreuse" hex="#7fff00" rgb="127,255,0" />
<color name="chocolate" hex="#d2691e" rgb="210,105,30" />
<color name="coral" hex="#ff7f50" rgb="255,127,80" />
<color name="cornflowerblue" hex="#6495ed" rgb="100,149,237" />
<color name="cornsilk" hex="#fff8dc" rgb="255,248,220" />
<color name="crimson" hex="#dc143c" rgb="220,20,60" />
<color name="cyan" hex="#00ffff" rgb="0,255,255" />
<color name="darkblue" hex="#00008b" rgb="0,0,139" />
<color name="darkcyan" hex="#008b8b" rgb="0,139,139" />
<color name="darkgoldenrod" hex="#b8860b" rgb="184,134,11" />
<color name="darkgray" hex="#a9a9a9" rgb="169,169,169" />
<color name="darkgreen" hex="#006400" rgb="0,100,0" />
<color name="darkgrey" hex="#a9a9a9" rgb="169,169,169" />
<color name="darkkhaki" hex="#bdb76b" rgb="189,183,107" />
<color name="darkmagenta" hex="#8b008b" rgb="139,0,139" />
<color name="darkolivegreen" hex="#556b2f" rgb="85,107,47" />
<color name="darkorange" hex="#ff8c00" rgb="255,140,0" />
<color name="darkorchid" hex="#9932cc" rgb="153,50,204" />
<color name="darkred" hex="#8b0000" rgb="139,0,0" />
<color name="darksalmon" hex="#e9967a" rgb="233,150,122" />
<color name="darkseagreen" hex="#8fbc8f" rgb="143,188,143" />
<color name="darkslateblue" hex="#483d8b" rgb="72,61,139" />
<color name="darkslategray" hex="#2f4f4f" rgb="47,79,79" />
<color name="darkslategrey" hex="#2f4f4f" rgb="47,79,79" />
<color name="darkturquoise" hex="#00ced1" rgb="0,206,209" />
<color name="darkviolet" hex="#9400d3" rgb="148,0,211" />
<color name="deeppink" hex="#ff1493" rgb="255,20,147" />
<color name="deepskyblue" hex="#00bfff" rgb="0,191,255" />
<color name="dimgray" hex="#696969" rgb="105,105,105" />
<color name="dimgrey" hex="#696969" rgb="105,105,105" />
<color name="dodgerblue" hex="#1e90ff" rgb="30,144,255" />
<color name="firebrick" hex="#b22222" rgb="178,34,34" />
<color name="floralwhite" hex="#fffaf0" rgb="255,250,240" />
<color name="forestgreen" hex="#228b22" rgb="34,139,34" />
<color name="fuchsia" hex="#ff00ff" rgb="255,0,255" />
<color name="gainsboro" hex="#dcdcdc" rgb="220,220,220" />
<color name="ghostwhite" hex="#f8f8ff" rgb="248,248,255" />
<color name="gold" hex="#ffd700" rgb="255,215,0" />
<color name="goldenrod" hex="#daa520" rgb="218,165,32" />
<color name="gray" hex="#808080" rgb="128,128,128" />
<color name="green" hex="#008000" rgb="0,128,0" />
<color name="greenyellow" hex="#adff2f" rgb="173,255,47" />
<color name="grey" hex="#808080" rgb="128,128,128" />
<color name="honeydew" hex="#f0fff0" rgb="240,255,240" />
<color name="hotpink" hex="#ff69b4" rgb="255,105,180" />
<color name="indianred" hex="#cd5c5c" rgb="205,92,92" />
<color name="indigo" hex="#4b0082" rgb="75,0,130" />
<color name="ivory" hex="#fffff0" rgb="255,255,240" />
<color name="khaki" hex="#f0e68c" rgb="240,230,140" />
<color name="lavender" hex="#e6e6fa" rgb="230,230,250" />
<color name="lavenderblush" hex="#fff0f5" rgb="255,240,245" />
<color name="lawngreen" hex="#7cfc00" rgb="124,252,0" />
<color name="lemonchiffon" hex="#fffacd" rgb="255,250,205" />
<color name="lightblue" hex="#add8e6" rgb="173,216,230" />
<color name="lightcoral" hex="#f08080" rgb="240,128,128" />
<color name="lightcyan" hex="#e0ffff" rgb="224,255,255" />
<color name="lightgoldenrodyellow" hex="#fafad2" rgb="250,250,210" />
<color name="lightgray" hex="#d3d3d3" rgb="211,211,211" />
<color name="lightgreen" hex="#90ee90" rgb="144,238,144" />
<color name="lightgrey" hex="#d3d3d3" rgb="211,211,211" />
<color name="lightpink" hex="#ffb6c1" rgb="255,182,193" />
<color name="lightsalmon" hex="#ffa07a" rgb="255,160,122" />
<color name="lightseagreen" hex="#20b2aa" rgb="32,178,170" />
<color name="lightskyblue" hex="#87cefa" rgb="135,206,250" />
<color name="lightslategray" hex="#778899" rgb="119,136,153" />
<color name="lightslategrey" hex="#778899" rgb="119,136,153" />
<color name="lightsteelblue" hex="#b0c4de" rgb="176,196,222" />
<color name="lightyellow" hex="#ffffe0" rgb="255,255,224" />
<color name="lime" hex="#00ff00" rgb="0,255,0" />
<color name="limegreen" hex="#32cd32" rgb="50,205,50" />
<color name="linen" hex="#faf0e6" rgb="250,240,230" />
<color name="magenta" hex="#ff00ff" rgb="255,0,255" />
<color name="maroon" hex="#800000" rgb="128,0,0" />
<color name="mediumaquamarine" hex="#66cdaa" rgb="102,205,170" />
<color name="mediumblue" hex="#0000cd" rgb="0,0,205" />
<color name="mediumorchid" hex="#ba55d3" rgb="186,85,211" />
<color name="mediumpurple" hex="#9370db" rgb="147,112,219" />
<color name="mediumseagreen" hex="#3cb371" rgb="60,179,113" />
<color name="mediumslateblue" hex="#7b68ee" rgb="123,104,238" />
<color name="mediumspringgreen" hex="#00fa9a" rgb="0,250,154" />
<color name="mediumturquoise" hex="#48d1cc" rgb="72,209,204" />
<color name="mediumvioletred" hex="#c71585" rgb="199,21,133" />
<color name="midnightblue" hex="#191970" rgb="25,25,112" />
<color name="mintcream" hex="#f5fffa" rgb="245,255,250" />
<color name="mistyrose" hex="#ffe4e1" rgb="255,228,225" />
<color name="moccasin" hex="#ffe4b5" rgb="255,228,181" />
<color name="navajowhite" hex="#ffdead" rgb="255,222,173" />
<color name="navy" hex="#000080" rgb="0,0,128" />
<color name="oldlace" hex="#fdf5e6" rgb="253,245,230" />
<color name="olive" hex="#808000" rgb="128,128,0" />
<color name="olivedrab" hex="#6b8e23" rgb="107,142,35" />
<color name="orange" hex="#ffa500" rgb="255,165,0" />
<color name="orangered" hex="#ff4500" rgb="255,69,0" />
<color name="orchid" hex="#da70d6" rgb="218,112,214" />
<color name="palegoldenrod" hex="#eee8aa" rgb="238,232,170" />
<color name="palegreen" hex="#98fb98" rgb="152,251,152" />
<color name="paleturquoise" hex="#afeeee" rgb="175,238,238" />
<color name="palevioletred" hex="#db7093" rgb="219,112,147" />
<color name="papayawhip" hex="#ffefd5" rgb="255,239,213" />
<color name="peachpuff" hex="#ffdab9" rgb="255,218,185" />
<color name="peru" hex="#cd853f" rgb="205,133,63" />
<color name="pink" hex="#ffc0cb" rgb="255,192,203" />
<color name="plum" hex="#dda0dd" rgb="221,160,221" />
<color name="powderblue" hex="#b0e0e6" rgb="176,224,230" />
<color name="purple" hex="#800080" rgb="128,0,128" />
<color name="red" hex="#ff0000" rgb="255,0,0" />
<color name="rosybrown" hex="#bc8f8f" rgb="188,143,143" />
<color name="royalblue" hex="#4169e1" rgb="65,105,225" />
<color name="saddlebrown" hex="#8b4513" rgb="139,69,19" />
<color name="salmon" hex="#fa8072" rgb="250,128,114" />
<color name="sandybrown" hex="#f4a460" rgb="244,164,96" />
<color name="seagreen" hex="#2e8b57" rgb="46,139,87" />
<color name="seashell" hex="#fff5ee" rgb="255,245,238" />
<color name="sienna" hex="#a0522d" rgb="160,82,45" />
<color name="silver" hex="#c0c0c0" rgb="192,192,192" />
<color name="skyblue" hex="#87ceeb" rgb="135,206,235" />
<color name="slateblue" hex="#6a5acd" rgb="106,90,205" />
<color name="slategray" hex="#708090" rgb="112,128,144" />
<color name="slategrey" hex="#708090" rgb="112,128,144" />
<color name="snow" hex="#fffafa" rgb="255,250,250" />
<color name="springgreen" hex="#00ff7f" rgb="0,255,127" />
<color name="steelblue" hex="#4682b4" rgb="70,130,180" />
<color name="tan" hex="#d2b48c" rgb="210,180,140" />
<color name="teal" hex="#008080" rgb="0,128,128" />
<color name="thistle" hex="#d8bfd8" rgb="216,191,216" />
<color name="tomato" hex="#ff6347" rgb="255,99,71" />
<color name="turquoise" hex="#40e0d0" rgb="64,224,208" />
<color name="violet" hex="#ee82ee" rgb="238,130,238" />
<color name="wheat" hex="#f5deb3" rgb="245,222,179" />
<color name="white" hex="#ffffff" rgb="255,255,255" />
<color name="whitesmoke" hex="#f5f5f5" rgb="245,245,245" />
<color name="yellow" hex="#ffff00" rgb="255,255,0" />
<color name="yellowgreen" hex="#9acd32" rgb="154,205,50" />
</colors>
